node,mean_size
0,12.855
1,1.225
10,1.37
100,1.2
101,1.435
102,1.09
103,1.68
104,1.85
105,1.345
106,1.095
107,155.035
108,1.24
109,1.915
11,1.05
110,1.12
111,1.285
112,1.165
113,1.93
114,1.045
115,1.26
116,1.305
117,1.13
118,1.775
119,2.32
12,1.03
120,5.76
121,1.28
122,4.365
123,1.35
124,1.095
125,3.875
126,1.19
127,1.29
128,1.735
129,1.245
13,1.885
130,1.34
131,1.08
132,1.31
133,1.4
134,1.475
135,1.18
136,102.035
137,1.345
138,1.1
139,1.23
14,1.335
140,1.185
141,3.905
142,4.275
143,1.265
144,1.37
145,1.02
146,3.935
147,3.46
148,1.455
149,1.275
15,3.24
150,1.255
151,1.2
152,1.27
153,1.055
154,1.105
155,1.05
156,1.9
157,1.22
158,1.41
159,1.305
16,1.145
160,1.06
161,1.84
162,1.235
163,1.125
164,1.2
165,1.265
166,1.125
167,1.185
168,1.275
169,3.015
17,1.26
170,2.0
171,2.41
172,1.9
173,2.235
174,1.13
175,1.33
176,1.255
177,1.275
178,1.35
179,1.1
18,1.1
180,1.29
181,1.145
182,1.01
183,1.005
184,1.36
185,1.66
186,1.9
187,1.245
188,2.085
189,1.055
19,1.27
190,1.035
191,1.14
192,1.065
193,1.135
194,1.44
195,1.065
196,1.355
197,1.17
198,1.23
199,1.94
2,1.19
20,1.27
200,2.1
201,1.1
202,1.115
203,2.155
204,1.365
205,1.115
206,1.145
207,1.16
208,1.265
209,1.075
21,3.665
210,1.155
211,1.6
212,1.615
213,4.255
214,1.38
215,1.125
216,1.1
217,1.335
218,1.25
219,1.225
22,1.23
220,1.12
221,3.26
222,1.33
223,1.985
224,3.015
225,1.215
226,1.23
227,1.27
228,1.08
229,3.465
23,1.4
230,1.23
231,1.62
232,1.68
233,1.035
234,1.015
235,1.045
236,1.85
237,1.21
238,1.61
239,2.295
24,1.39
240,1.105
241,1.19
242,1.455
243,1.255
244,1.07
245,1.18
246,1.405
247,1.155
248,1.585
249,1.505
25,2.67
250,1.125
251,1.23
252,3.92
253,1.015
254,1.355
255,1.09
256,1.085
257,3.535
258,1.865
259,1.24
26,2.675
260,1.2
261,1.795
262,1.24
263,1.075
264,1.105
265,1.7
266,1.335
267,1.005
268,1.355
269,1.095
27,1.07
270,1.15
271,3.0
272,2.01
273,1.16
274,1.4
275,1.175
276,1.485
277,2.365
278,1.265
279,1.05
28,2.07
280,1.985
281,1.24
282,1.285
283,1.35
284,1.445
285,2.14
286,1.08
287,1.035
288,1.205
289,1.135
29,1.19
290,1.455
291,1.765
292,1.05
293,1.085
294,1.025
295,1.13
296,1.13
297,1.685
298,1.285
299,1.38
3,1.58
30,1.495
300,1.235
301,1.965
302,1.25
303,1.685
304,3.475
305,1.045
306,1.165
307,1.075
308,2.855
309,1.115
31,1.455
310,1.22
311,1.19
312,1.425
313,1.775
314,1.31
315,2.93
316,1.07
317,1.23
318,1.315
319,3.645
32,1.27
320,1.39
321,1.085
322,2.46
323,4.02
324,2.185
325,2.27
326,1.27
327,1.155
328,1.19
329,1.515
33,1.12
330,1.315
331,1.41
332,3.16
333,1.215
334,3.045
335,3.515
336,1.135
337,1.275
338,1.225
339,5.225
34,1.24
340,1.105
341,1.565
342,1.92
343,1.325
344,3.27
345,1.55
346,1.54
347,1.1
35,1.15
36,1.19
37,1.055
38,1.22
39,1.28
4,1.135
40,1.825
41,1.5
42,1.095
43,1.015
44,1.1
45,1.245
46,1.085
47,1.17
48,1.5
49,1.185
5,1.285
50,1.28
51,1.065
52,1.1
53,1.605
54,1.14
55,1.545
56,4.81
57,1.265
58,6.91
59,1.505
6,1.175
60,3.5
61,1.055
62,1.755
63,1.22
64,1.165
65,1.215
66,1.47
67,2.95
68,1.15
69,1.24
7,1.335
70,1.02
71,1.01
72,2.815
73,1.33
74,1.04
75,1.36
76,1.165
77,1.17
78,1.245
79,1.295
8,1.18
80,2.28
81,1.06
82,1.845
83,1.115
84,1.375
85,1.82
86,1.14
87,4.805
88,1.33
89,1.33
9,2.36
90,1.23
91,1.165
92,1.33
93,1.18
94,1.67
95,1.13
96,1.315
97,1.07
98,3.5
99,1.26
1000,2.725
1010,4.43
1127,6.63
1134,1.97
1228,5.575
1304,5.28
1474,2.705
1640,1.12
1667,3.615
1703,4.72
1725,5.15
1759,2.785
1840,5.61
924,9.37
974,4.245
985,1.525
1001,16.03
1080,11.59
1095,10.38
1114,11.2
1124,93.43
1155,12.6
1179,5.66
1180,55.895
1207,76.19
1217,12.875
1237,20.775
1349,10.285
1352,131.67
1357,13.215
1358,11.205
1374,10.995
1397,9.915
1422,9.695
1427,12.75
1487,30.12
1506,5.625
1512,6.655
1536,7.515
1542,56.41
1543,10.825
1616,8.15
1673,7.96
1692,11.125
1740,9.705
1767,4.785
1844,17.54
366,14.645
483,25.915
484,31.495
606,17.215
637,20.125
651,8.93
905,4.525
936,9.355
1002,3.82
1105,1.98
1208,2.83
1890,2.67
1003,73.655
1004,90.865
1054,47.97
1059,124.165
1075,57.275
1076,113.38
1079,93.025
1086,129.04
1112,35.76
1126,109.05
1175,92.695
1184,110.49
1191,86.655
1242,72.11
1250,95.31
1255,102.675
1272,74.455
1293,54.42
1305,85.965
1331,105.345
1339,90.88
1340,57.95
1367,112.34
1376,122.145
1380,80.405
1390,125.31
1391,121.745
1416,87.87
1420,107.18
1431,126.065
1435,37.755
1480,63.335
1484,30.865
1488,98.265
1513,56.86
1516,120.895
1520,101.58
1523,59.14
1539,74.01
1540,49.27
1557,102.35
1559,119.675
1563,90.81
1589,133.085
1597,88.52
1598,100.155
1600,90.765
1612,125.965
1613,120.76
1614,74.305
1618,21.17
1622,123.21
1623,76.33
1637,85.365
1639,61.345
1641,9.055
1644,56.7
1652,59.695
1653,63.91
1659,75.695
1662,105.25
1663,126.68
1683,88.73
1689,102.925
1707,125.625
1712,90.14
1717,105.465
1721,92.795
1724,44.435
1737,85.09
1741,90.96
1746,124.86
1750,99.36
1752,94.665
1765,53.25
1779,6.36
1789,87.795
1795,88.475
1799,115.685
1800,143.22
1809,87.12
1816,94.26
1819,72.335
1827,132.57
1835,125.45
1843,47.375
1851,29.155
1867,104.595
1877,64.705
1888,131.68
906,73.145
925,126.325
946,115.455
967,85.425
1017,114.95
1078,124.045
1091,24.61
1092,55.885
1101,94.47
1128,67.59
1146,106.285
1149,89.93
1163,87.525
1181,65.895
1185,111.35
1198,81.205
1199,136.32
1209,71.155
1211,132.88
1267,103.76
1287,70.765
1289,81.55
1290,85.54
1291,97.53
1302,91.63
1330,95.01
1335,98.27
1344,78.12
1375,58.81
1399,109.265
1437,49.71
1467,98.805
1471,117.99
1491,95.41
1522,123.015
1524,50.57
1532,42.4
1538,71.115
1547,89.76
1554,105.595
1584,124.125
1603,99.62
1610,111.27
1617,90.83
1620,92.665
1621,124.28
1632,65.41
1643,89.965
1688,75.58
1714,125.065
1730,131.02
1735,81.045
1736,109.68
1757,109.955
1796,66.795
1804,125.85
1810,84.825
1833,121.35
1842,96.7
1849,106.535
1879,111.475
1886,90.36
916,103.73
952,82.63
1005,4.35
1089,3.08
1213,5.105
1259,7.56
1415,4.545
1469,10.79
1504,9.085
1507,5.655
1624,3.87
1672,5.2
1783,15.395
964,5.59
1006,110.895
1024,71.605
1039,27.795
1040,62.545
1063,25.215
1069,21.84
1083,88.89
1107,106.38
1123,69.015
1125,93.915
1130,58.05
1132,110.705
1153,98.02
1156,86.21
1172,83.865
1201,61.11
1214,86.735
1219,57.265
1222,83.135
1230,101.535
1238,111.015
1256,103.15
1271,82.04
1285,48.88
1288,81.36
1336,48.4
1341,90.135
1351,71.71
1361,116.115
1370,93.325
1388,66.69
1398,40.14
1402,65.24
1449,79.13
1456,102.335
1530,93.0
1551,111.795
1556,40.925
1604,113.09
1605,68.99
1619,80.38
1665,99.17
1668,97.78
1702,24.635
1768,132.805
1791,96.015
1793,111.88
1813,106.36
1821,36.205
1823,102.725
1826,80.505
1839,106.365
1845,87.795
1864,84.41
1868,97.935
1874,14.2
1898,80.455
1900,29.7
1902,101.22
959,34.335
960,84.82
966,104.5
972,24.5
982,63.075
983,55.98
993,110.085
997,80.495
999,66.805
1007,3.45
1021,12.185
1067,12.16
1070,7.01
1104,19.645
1170,6.1
1303,8.325
1393,37.195
1426,12.23
1429,12.775
1531,4.73
1573,6.58
1661,17.04
896,13.52
917,16.05
935,1.09
1008,6.56
1073,4.5
1337,10.85
1505,4.69
1674,17.915
1708,4.05
1911,10.875
1009,10.83
1014,16.45
1015,3.445
1036,7.605
1044,7.355
1060,10.755
1066,9.895
1082,13.705
1100,6.995
1148,12.825
1158,8.035
1204,15.26
1227,13.86
1229,11.755
1235,11.25
1257,11.84
1261,6.965
1277,13.4
1284,10.735
1322,13.935
1324,4.845
1345,14.145
1381,8.775
1392,6.15
1404,10.015
1423,8.515
1459,17.93
1475,7.82
1583,15.615
1592,2.325
1596,18.5
1611,9.94
1628,13.33
1635,7.355
1636,12.36
1655,10.255
1680,13.73
1691,16.6
1716,12.97
1720,9.99
1729,9.825
1786,10.825
1790,4.66
1850,5.33
1857,10.19
1862,11.43
1872,7.795
1893,17.725
1899,7.995
1903,3.32
989,5.94
994,11.435
1035,3.04
1037,5.775
1051,6.58
1141,2.175
1159,11.825
1275,7.975
1308,4.785
1366,11.6
1412,4.625
1472,12.27
1496,5.805
1500,7.915
1525,5.445
1529,5.29
1549,9.685
1633,4.065
1650,4.635
1709,5.705
1770,3.96
1781,5.205
1785,2.79
1828,10.295
389,6.91
1011,3.455
1041,6.03
1052,6.34
1072,3.315
1109,8.03
1131,3.16
1169,2.46
1189,2.845
1249,1.485
1258,4.81
1260,2.9
1338,8.385
1348,3.355
1482,7.005
1541,6.11
1748,6.265
1756,2.15
1815,3.25
1904,4.99
944,5.755
977,6.085
1012,10.38
1074,53.73
1113,10.69
1223,10.275
1318,5.075
1320,11.8
1400,8.315
1407,38.19
1436,6.935
1699,4.705
1778,6.185
1881,10.55
1882,5.94
353,13.73
526,43.065
948,8.115
1013,12.485
1385,11.545
1465,114.395
1574,12.495
1713,2.695
1777,1.18
428,11.825
563,13.545
1018,8.025
1020,9.555
1032,14.945
1099,11.055
1102,9.605
1108,7.535
1129,13.25
1166,11.445
1192,10.84
1215,4.905
1231,9.82
1241,4.92
1245,7.055
1273,10.555
1281,10.67
1282,12.42
1286,5.935
1292,8.425
1309,10.53
1316,8.29
1347,13.11
1373,8.63
1382,5.985
1396,8.555
1406,4.085
1451,7.5
1454,11.665
1462,13.655
1473,16.625
1495,11.965
1502,11.105
1508,4.925
1515,11.775
1582,6.485
1595,5.985
1638,8.07
1706,7.11
1732,6.16
1742,10.32
1751,11.44
1812,7.9
1820,12.92
1824,8.395
1848,6.315
1871,13.52
1875,7.13
1894,11.865
1907,4.375
898,5.64
900,1.2
933,6.565
942,7.165
954,4.9
969,6.645
971,3.73
984,6.23
1120,8.4
1298,10.46
1315,7.08
1479,7.39
1576,12.295
1682,11.5
1715,14.955
1884,4.725
1016,1.815
1138,3.25
1177,1.405
1218,3.24
1403,2.145
1499,1.33
1889,2.805
956,1.13
979,2.925
1028,66.97
1117,92.49
1187,4.69
1269,101.955
1401,14.74
1457,53.5
1501,13.475
1669,108.755
1685,83.33
1761,95.67
1782,65.14
1909,23.42
947,90.965
978,89.265
980,101.94
1578,8.12
1019,8.085
1115,6.24
1221,9.37
1279,8.94
1350,8.135
1413,9.31
1432,7.96
1448,4.68
1587,16.15
1591,14.49
1859,7.255
596,12.865
902,3.64
988,8.35
1081,9.63
1503,3.52
919,3.805
941,12.51
1334,66.72
1022,5.78
1023,6.035
1445,3.345
1615,3.11
1687,11.28
1806,3.41
1861,84.1
649,2.805
1133,7.77
1442,3.78
1458,18.89
1571,41.78
1863,30.7
1025,8.525
1332,5.29
1464,5.74
1526,5.535
1545,8.105
1696,6.44
1794,8.325
1853,3.68
1897,12.35
1901,2.475
348,16.56
517,21.035
538,14.07
580,10.96
1026,61.94
1048,73.975
1164,27.805
1182,61.975
1312,66.245
1369,31.65
1377,127.455
1409,82.225
1460,47.99
1509,94.82
1517,43.51
1570,88.265
1590,85.365
1675,89.135
1734,47.265
1753,81.525
1775,12.03
1846,28.61
1883,20.285
921,87.9
926,25.76
927,60.44
932,52.945
934,85.73
1027,4.35
1627,1.705
1329,88.88
1365,41.545
1700,20.75
1718,139.865
1029,64.365
1056,60.665
1084,12.76
1160,73.66
1165,3.96
1171,9.81
1173,94.095
1205,88.245
1220,8.805
1280,65.65
1323,74.385
1346,4.98
1359,72.465
1447,106.745
1470,58.265
1483,90.165
1519,22.52
1535,70.79
1537,12.06
1553,13.55
1577,136.42
1580,86.11
1608,96.665
1609,79.465
1722,51.76
1772,54.265
1774,46.13
1856,5.08
897,44.2
953,96.03
995,52.29
998,7.58
1030,4.91
1043,3.205
1111,3.665
1197,5.75
1252,2.86
1254,3.01
1368,1.97
1788,1.92
909,6.12
955,2.795
1031,3.79
1098,1.77
1666,2.06
1247,3.21
1489,6.225
1649,11.035
1704,12.965
1033,4.455
1274,9.77
1307,6.7
1325,3.565
1360,3.125
1433,5.575
1511,5.76
1567,4.795
1697,8.29
1698,5.655
1908,2.98
908,4.01
951,9.93
970,1.19
1034,2.78
1283,11.21
991,9.18
1152,4.88
1246,8.735
1296,3.19
1646,14.925
1745,11.13
1550,5.32
1647,9.35
1841,10.995
957,6.33
981,6.065
1299,4.09
1630,12.54
1681,3.905
1727,7.57
1855,4.24
1876,5.47
1038,6.165
1161,7.03
1518,4.405
961,2.81
1832,46.095
1121,6.38
1139,5.975
1226,8.45
1306,5.215
1428,3.795
1739,5.03
1831,12.095
1869,2.66
949,2.56
1042,4.46
1167,6.26
1225,3.915
1634,2.67
1686,6.77
943,2.175
1045,1.69
1384,4.545
1896,8.74
1593,4.01
1046,1.86
1194,3.17
1586,2.735
1047,50.35
1110,48.09
1239,14.35
1243,91.87
1327,30.74
1389,48.995
1626,17.445
1811,61.425
1891,68.25
907,8.61
1049,73.66
1116,31.94
1195,46.59
1265,33.18
1450,3.88
1485,55.185
1528,59.325
1754,45.88
1278,40.915
1317,9.05
1534,4.535
1572,47.665
1050,4.015
1055,4.74
1266,3.505
1328,4.085
1441,4.65
1544,5.025
1564,9.205
1585,3.375
1822,1.51
1905,2.19
1064,5.105
1183,4.83
1188,4.295
1236,3.11
1310,4.59
1355,2.985
1444,10.175
1481,4.005
1569,11.985
1738,4.855
1807,10.69
1106,6.09
1343,12.885
1408,6.905
1453,10.07
1818,8.345
1885,15.965
1895,2.58
913,19.885
914,3.335
965,5.465
968,17.58
1053,2.935
1062,7.665
1607,4.01
1808,1.595
1434,3.58
1135,63.1
1527,4.64
1805,11.135
1057,2.59
1664,2.025
1058,7.665
1077,2.105
1552,1.055
1642,2.54
1728,9.61
641,11.075
975,19.405
1061,3.88
1136,3.995
1144,3.66
1174,2.65
1494,2.885
1676,4.38
928,3.09
1094,2.78
1202,6.185
1212,3.015
1234,2.885
1342,3.18
1356,5.005
1372,4.59
1443,2.355
1478,3.73
1497,18.265
1566,6.795
1671,4.365
1694,4.985
1743,2.3
1829,3.93
1910,2.49
931,5.03
939,5.77
962,7.545
1065,6.525
1379,8.66
1438,6.245
1873,5.385
1068,50.32
1660,4.31
1071,2.045
1085,8.175
1087,4.245
1088,4.21
1090,3.59
1093,3.775
1096,2.305
1097,5.075
1103,6.92
1118,6.815
1119,1.485
1122,12.595
1137,4.755
1140,2.535
1142,8.525
1143,10.64
1145,1.88
1147,4.725
1150,3.22
1151,5.99
1154,1.165
1157,5.1
1162,4.605
1168,3.225
1176,2.845
1178,5.28
1186,2.185
1190,10.73
1193,4.165
1196,24.83
1200,2.18
1203,1.935
1206,1.055
1210,7.34
1216,10.33
1224,1.89
1232,5.915
1233,2.555
1240,1.105
1244,6.44
1248,4.68
1251,4.735
1253,4.675
1262,4.17
1263,4.23
1264,1.15
1268,3.8
1270,2.555
1276,7.275
1294,6.685
1295,1.765
1297,4.77
1300,4.7
1301,4.105
1311,3.845
1313,10.38
1314,3.41
1319,3.87
1321,11.635
1326,3.51
1333,3.125
1353,4.72
1354,2.005
1362,2.76
1363,2.62
1364,2.915
1371,4.36
1378,3.415
1383,4.335
1386,1.0
1387,7.48
1394,2.1
1395,2.675
1405,22.96
1410,1.315
1411,5.985
1414,2.525
1417,4.47
1418,7.01
1419,5.725
1421,1.495
1424,6.68
1425,6.15
1430,4.69
1439,27.0
1440,13.955
1446,5.32
1452,2.41
1455,3.01
1461,3.92
1463,20.49
1466,4.48
1468,2.09
1476,3.45
1477,6.565
1486,2.87
1490,4.425
1492,8.01
1493,7.515
1498,6.765
1510,2.9
1514,6.71
1521,3.445
1533,6.27
1546,3.31
1548,4.905
1555,4.16
1558,2.8
1560,1.0
1561,6.535
1562,5.205
1565,9.19
1568,3.39
1575,12.495
1579,2.86
1581,1.975
1588,5.025
1594,11.39
1599,2.455
1601,1.46
1602,5.87
1606,7.755
1625,5.39
1629,3.79
1631,3.255
1645,7.685
1648,4.825
1651,5.475
1654,4.605
1656,8.285
1657,2.77
1658,7.09
1670,11.235
1677,7.245
1678,11.79
1679,9.705
1684,29.99
1690,5.36
1693,1.885
1695,3.88
1701,3.44
1705,2.415
1710,18.27
1711,4.86
1719,5.445
1723,47.585
1726,4.405
1731,2.99
1733,3.185
1744,10.845
1747,4.495
1749,2.115
1755,1.705
1758,4.055
1760,1.89
1762,2.27
1763,4.005
1764,10.285
1766,6.525
1769,30.25
1771,16.185
1773,4.755
1776,3.505
1780,13.32
1784,2.895
1787,4.805
1792,1.825
1797,4.735
1798,3.48
1801,5.055
1802,4.55
1803,8.7
1814,2.065
1817,6.27
1825,6.22
1830,9.695
1834,1.495
1836,26.155
1837,1.71
1838,6.755
1847,5.65
1852,9.74
1854,1.09
1858,9.53
1860,9.725
1865,4.655
1866,3.155
1870,6.31
1878,6.27
1880,4.58
1887,2.01
1892,1.535
1906,2.89
363,8.195
376,8.91
414,8.685
420,3.46
475,9.51
566,14.48
601,3.51
629,2.745
899,4.195
901,5.575
903,5.735
904,3.11
910,2.74
911,1.845
912,2.49
915,5.095
918,1.445
920,15.835
922,22.145
923,1.1
929,2.315
930,8.525
937,5.8
938,3.18
940,1.28
945,2.325
950,2.25
958,5.2
963,8.535
973,6.36
976,3.245
986,2.04
987,4.14
990,2.56
992,2.315
996,1.74
3437,10.075
3440,1.99
3456,2.33
3495,2.59
3501,3.73
3525,2.175
3540,1.81
3550,1.6
3556,1.36
3561,1.49
3577,2.385
3592,1.75
3609,2.025
3633,2.855
3651,1.82
3674,2.23
3677,2.085
3684,2.385
3692,1.95
3721,2.62
3741,1.455
3750,2.015
3756,2.42
3797,2.22
3830,3.775
3851,2.35
3872,1.295
3877,2.47
3886,1.755
3943,1.955
3948,2.295
3962,2.255
862,1.98
2677,2.165
2826,1.525
3290,1.75
1912,232.035
1926,109.505
1932,89.865
1939,79.61
1945,125.065
1951,16.11
1955,97.83
1972,15.87
1973,20.99
1976,16.195
1991,8.905
1995,18.335
1998,9.855
2001,16.09
2004,16.33
2007,139.005
2009,12.45
2018,14.635
2024,8.45
2027,10.9
2032,122.825
2038,95.79
2039,105.92
2042,102.27
2054,123.46
2068,111.66
2071,118.54
2072,131.505
2081,133.01
2102,138.965
2111,139.795
2116,32.73
2117,122.565
2127,106.11
2128,90.63
2133,109.265
2135,103.055
2138,118.635
2143,95.95
2153,128.825
2157,12.905
2171,16.565
2174,114.8
2180,124.305
2183,121.925
2187,143.39
2189,116.895
2199,132.64
2203,94.89
2223,114.25
2224,125.475
2225,13.405
2247,104.855
2250,114.875
2254,82.895
2264,76.295
2267,77.21
2268,116.935
2279,119.675
2283,138.865
2284,15.43
2289,134.73
2292,127.355
2302,121.43
2319,115.745
2327,114.995
2336,143.795
2337,8.755
2364,12.075
2378,14.33
2384,138.605
2398,107.44
2417,78.995
2436,114.105
2445,82.74
2447,14.46
2451,111.795
2458,92.365
2459,15.265
2461,113.74
2463,113.305
2471,116.985
2472,80.65
2475,102.515
2491,117.675
2494,14.49
2498,104.185
2502,54.805
2508,113.195
2510,127.955
2511,116.21
2529,46.325
2533,100.625
2538,6.955
2543,227.17
2547,66.065
2571,30.83
2583,11.41
2589,89.125
2598,136.81
2617,104.35
2629,125.2
2635,27.565
2636,14.65
2640,15.45
2643,80.715
2647,9.95
2649,107.715
2653,76.15
2660,13.18
2724,4.765
2752,2.42
2775,2.09
2869,6.44
2892,2.78
2962,4.815
3001,1.845
3019,3.865
3100,2.75
3162,2.805
3168,3.14
3233,3.405
3295,5.28
3304,3.88
3331,2.505
3366,3.605
3404,1.655
3406,4.775
3412,3.69
2813,1.76
2971,1.225
3034,3.16
3178,1.54
3410,2.0
3420,1.6
2968,1.555
2976,2.6
3011,2.81
3179,6.115
3245,1.595
3263,2.66
3278,1.775
3289,1.44
1920,108.545
1941,191.585
1948,103.965
1959,100.785
2028,113.725
2047,138.19
2053,103.115
2065,39.94
2087,143.14
2125,107.305
2132,70.535
2134,87.805
2148,97.715
2149,111.775
2169,120.96
2191,110.84
2194,109.155
2196,99.725
2198,60.19
2239,67.8
2266,214.005
2282,134.705
2285,63.265
2293,68.59
2315,78.15
2328,132.315
2332,91.505
2333,132.05
2338,104.14
2347,228.265
2351,114.96
2368,87.625
2372,106.725
2385,62.275
2399,68.605
2420,88.35
2496,38.51
2501,82.485
2509,115.84
2512,108.535
2516,97.88
2530,58.89
2542,207.81
2555,128.15
2567,128.295
2592,120.175
2597,100.78
2608,104.595
2642,104.41
2678,1.605
2725,1.44
2734,2.04
2760,1.555
2764,2.08
2883,2.17
2964,1.335
3005,2.71
3020,2.41
3062,4.315
3079,3.09
3164,2.27
3165,1.72
3205,1.33
3258,3.575
3386,3.555
3409,1.965
2693,1.99
2822,2.465
2979,1.485
3101,7.63
3222,3.13
3248,2.065
3265,3.74
3361,1.39
3385,4.17
1913,15.71
1916,66.99
1940,102.665
1947,108.25
1954,74.11
1994,76.905
2002,97.445
2010,98.95
2026,114.525
2052,109.11
2062,88.66
2101,60.625
2137,72.4
2144,78.055
2151,98.065
2163,47.05
2176,90.46
2215,69.195
2241,119.905
2246,100.915
2273,100.01
2294,99.89
2295,17.125
2298,16.12
2343,94.67
2344,107.39
2355,43.3
2377,81.34
2389,28.515
2394,72.175
2413,15.0
2419,109.775
2465,70.75
2468,185.585
2519,42.205
2544,50.2
2582,110.225
2588,95.295
2594,98.25
2605,15.11
2609,72.125
2616,108.085
2903,1.535
2938,2.68
2941,1.8
2999,2.985
3201,6.4
3319,3.45
3355,5.35
3057,1.865
3097,3.285
2707,1.765
3111,3.02
3186,2.885
2661,6.38
2662,4.165
2663,2.54
2664,7.04
2665,3.545
2666,6.385
2667,2.085
2668,2.515
2669,7.975
2670,1.49
2671,1.38
2672,3.49
2673,2.515
2674,6.0
2675,3.545
2676,10.3
2679,7.345
2680,6.01
2681,4.025
2682,1.455
2683,7.135
2684,3.13
2685,1.74
2686,4.305
2687,2.19
2688,2.455
2689,7.81
2690,2.53
2691,1.2
2692,1.415
2694,8.465
2695,1.33
2696,1.59
2697,1.46
2698,4.75
2699,1.425
2700,1.38
2701,3.515
2702,2.165
2703,1.735
2704,1.435
2705,2.795
2706,6.25
2708,3.385
2709,1.675
2710,2.015
2711,3.43
2712,3.825
2713,2.79
2714,1.13
2715,1.835
2716,5.135
2717,4.12
2718,3.15
2719,8.485
2720,4.525
2721,2.245
2722,1.355
2723,1.525
2726,2.23
2727,1.38
2728,2.515
2729,4.775
2730,3.56
2731,2.81
2732,1.245
2733,1.89
2735,2.705
2736,1.17
2737,2.26
2738,5.53
2739,2.95
2740,1.165
2741,3.67
2742,7.105
2743,4.61
2744,1.6
2745,3.33
2746,2.0
2747,1.475
2748,6.675
2749,5.09
2750,10.415
2751,3.49
2753,4.91
2754,10.68
2755,9.8
2756,3.24
2757,6.98
2758,3.6
2759,1.84
2761,3.655
2762,2.285
2763,5.41
2765,4.71
2766,1.425
2767,1.595
2768,2.36
2769,1.3
2770,4.955
2771,1.2
2772,2.41
2773,4.065
2774,1.305
2776,1.66
2777,5.765
2778,6.675
2779,1.93
2780,4.55
2781,5.665
2782,8.49
2783,2.615
2784,2.02
2785,2.48
2786,7.44
2787,4.02
2788,1.655
2789,2.275
2790,1.07
2791,1.815
2792,1.56
2793,5.32
2794,4.785
2795,2.2
2796,4.205
2797,2.58
2798,1.14
2799,1.18
2800,6.685
2801,1.6
2802,2.095
2803,3.8
2804,1.775
2805,1.535
2806,5.95
2807,1.645
2808,1.76
2809,2.055
2810,4.8
2811,1.715
2812,2.64
2814,3.635
2815,4.39
2816,1.71
2817,1.635
2818,1.925
2819,2.43
2820,1.49
2821,2.82
2823,3.065
2824,1.485
2825,1.72
2827,5.975
2828,5.45
2829,2.345
2830,2.275
2831,2.43
2832,2.21
2833,5.885
2834,1.935
2835,4.155
2836,2.34
2837,1.36
2838,1.405
2839,9.905
2840,2.19
2841,2.06
2842,1.465
2843,2.685
2844,1.955
2845,2.495
2846,2.34
2847,1.595
2848,1.725
2849,7.255
2850,3.795
2851,2.61
2852,2.415
2853,5.085
2854,6.095
2855,1.565
2856,2.075
2857,1.16
2858,1.83
2859,2.345
2860,1.22
2861,1.6
2862,5.79
2863,7.32
2864,7.475
2865,2.72
2866,7.975
2867,9.17
2868,1.98
2870,1.895
2871,3.24
2872,4.875
2873,5.675
2874,3.89
2875,4.305
2876,2.18
2877,9.59
2878,1.765
2879,1.59
2880,6.305
2881,3.615
2882,1.345
2884,1.14
2885,3.665
2886,2.265
2887,3.115
2888,1.28
2889,1.945
2890,6.35
2891,2.79
2893,1.675
2894,4.61
2895,1.415
2896,3.92
2897,5.625
2898,1.205
2899,1.53
2900,1.6
2901,4.74
2902,1.445
2904,6.04
2905,5.355
2906,7.105
2907,4.975
2908,3.575
2909,5.12
2910,5.68
2911,6.795
2912,5.175
2913,5.965
2914,4.795
2915,6.405
2916,6.71
2917,4.065
2918,2.15
2919,7.015
2920,5.765
2921,2.515
2922,1.44
2923,4.475
2924,3.405
2925,6.645
2926,1.41
2927,10.015
2928,6.785
2929,4.555
2930,3.145
2931,4.425
2932,2.865
2933,2.81
2934,1.675
2935,1.675
2936,4.665
2937,4.575
2939,5.145
2940,5.055
2942,1.61
2943,6.915
2944,9.2
2945,4.99
2946,4.54
2947,1.73
2948,2.17
2949,1.545
2950,3.97
2951,5.345
2952,2.595
2953,3.31
2954,1.585
2955,2.665
2956,8.65
2957,1.38
2958,1.995
2959,1.35
2960,5.885
2961,1.94
2963,1.185
2965,2.475
2966,8.175
2967,3.69
2969,6.515
2970,5.085
2972,1.54
2973,5.86
2974,5.04
2975,1.18
2977,3.415
2978,2.825
2980,1.495
2981,2.18
2982,1.405
2983,1.315
2984,2.495
2985,5.03
2986,7.94
2987,2.525
2988,4.365
2989,4.12
2990,1.4
2991,4.09
2992,3.615
2993,5.07
2994,5.33
2995,2.265
2996,2.185
2997,1.88
2998,1.28
3000,8.79
3002,3.64
3003,1.42
3004,5.145
3006,1.28
3007,2.82
3008,1.38
3009,2.74
3010,2.585
3012,1.135
3013,2.56
3014,3.41
3015,1.98
3016,2.95
3017,4.755
3018,2.31
3021,3.91
3022,5.635
3023,3.18
3024,1.38
3025,4.595
3026,6.665
3027,4.525
3028,2.285
3029,5.29
3030,1.455
3031,1.6
3032,2.58
3033,6.735
3035,6.735
3036,2.555
3037,3.47
3038,5.76
3039,2.015
3040,4.49
3041,2.385
3042,2.61
3043,1.98
3044,1.42
3045,2.14
3046,2.21
3047,5.84
3048,2.015
3049,4.86
3050,2.055
3051,6.875
3052,4.63
3053,1.185
3054,6.785
3055,1.27
3056,6.055
3058,1.87
3059,1.825
3060,5.19
3061,1.735
3063,1.195
3064,4.49
3065,4.26
3066,1.235
3067,2.245
3068,2.25
3069,2.01
3070,5.065
3071,1.11
3072,2.65
3073,4.735
3074,1.37
3075,2.65
3076,5.685
3077,3.665
3078,10.795
3080,2.425
3081,1.825
3082,7.28
3083,1.355
3084,6.13
3085,5.54
3086,2.56
3087,4.12
3088,3.835
3089,3.585
3090,6.54
3091,1.195
3092,1.65
3093,1.855
3094,3.395
3095,1.87
3096,6.99
3098,6.005
3099,1.675
3102,5.065
3103,1.615
3104,6.56
3105,1.54
3106,4.355
3107,2.89
3108,6.565
3109,1.675
3110,1.925
3112,1.47
3113,6.185
3114,3.04
3115,4.285
3116,7.24
3117,5.11
3118,3.13
3119,5.275
3120,6.17
3121,1.085
3122,1.69
3123,2.675
3124,2.1
3125,1.11
3126,1.175
3127,1.37
3128,2.965
3129,3.235
3130,2.075
3131,1.32
3132,5.55
3133,1.335
3134,1.175
3135,4.005
3136,3.455
3137,3.21
3138,1.525
3139,2.055
3140,4.29
3141,1.51
3142,4.73
3143,1.73
3144,1.665
3145,5.395
3146,5.255
3147,3.4
3148,2.875
3149,9.88
3150,7.385
3151,1.595
3152,7.185
3153,3.68
3154,4.78
3155,1.59
3156,1.64
3157,1.45
3158,3.745
3159,2.055
3160,3.065
3161,1.295
3163,2.875
3166,4.23
3167,1.495
3169,5.095
3170,2.8
3171,2.14
3172,3.78
3173,2.095
3174,6.22
3175,1.84
3176,2.805
3177,2.495
3180,1.155
3181,1.225
3182,4.545
3183,1.0
3184,5.665
3185,5.555
3187,1.88
3188,4.145
3189,2.625
3190,1.585
3191,3.505
3192,1.74
3193,5.855
3194,4.11
3195,6.565
3196,2.555
3197,1.54
3198,5.425
3199,2.115
3200,3.27
3202,2.055
3203,3.01
3204,4.11
3206,5.55
3207,3.155
3208,1.475
3209,2.075
3210,1.285
3211,2.53
3212,2.71
3213,2.995
3214,4.74
3215,2.77
3216,1.535
3217,1.455
3218,1.34
3219,2.93
3220,3.995
3221,3.07
3223,1.905
3224,4.56
3225,3.92
3226,6.695
3227,3.835
3228,5.58
3229,1.78
3230,1.555
3231,2.33
3232,8.45
3234,2.7
3235,1.665
3236,1.275
3237,6.94
3238,3.465
3239,5.27
3240,5.935
3241,1.995
3242,1.79
3243,2.295
3244,1.965
3246,1.21
3247,5.29
3249,1.63
3250,3.47
3251,1.51
3252,6.87
3253,3.96
3254,1.675
3255,2.11
3256,3.3
3257,4.075
3259,2.345
3260,2.655
3261,4.75
3262,2.355
3264,2.135
3266,1.545
3267,7.59
3268,1.225
3269,1.235
3270,1.745
3271,1.43
3272,3.78
3273,3.015
3274,4.07
3275,2.335
3276,2.105
3277,6.005
3279,1.675
3280,5.58
3281,1.615
3282,1.06
3283,1.745
3284,6.62
3285,2.24
3286,2.7
3287,3.79
3288,3.925
3291,6.985
3292,1.56
3293,4.67
3294,2.54
3296,4.53
3297,4.355
3298,2.945
3299,3.76
3300,2.205
3301,3.44
3302,4.58
3303,3.725
3305,1.21
3306,2.43
3307,1.82
3308,1.525
3309,1.25
3310,1.4
3311,1.72
3312,1.945
3313,2.47
3314,1.565
3315,1.785
3316,4.145
3317,1.735
3318,1.555
3320,5.67
3321,4.965
3322,1.305
3323,1.83
3324,5.565
3325,1.95
3326,1.65
3327,3.655
3328,2.255
3329,2.375
3330,5.455
3332,4.015
3333,1.275
3334,2.195
3335,7.215
3336,1.245
3337,2.9
3338,1.61
3339,7.61
3340,2.0
3341,2.52
3342,3.715
3343,1.85
3344,5.555
3345,5.13
3346,2.06
3347,5.335
3348,7.5
3349,2.065
3350,6.535
3351,6.075
3352,1.71
3353,4.37
3354,3.38
3356,1.74
3357,2.41
3358,1.595
3359,1.715
3360,4.41
3362,8.37
3363,9.685
3364,4.45
3365,3.135
3367,1.66
3368,1.35
3369,3.54
3370,1.77
3371,3.93
3372,2.325
3373,2.365
3374,1.955
3375,1.045
3376,1.655
3377,2.57
3378,3.915
3379,3.1
3380,2.11
3381,4.46
3382,1.385
3383,1.445
3384,4.325
3387,6.745
3388,2.115
3389,1.29
3390,4.065
3391,4.345
3392,2.645
3393,2.295
3394,2.67
3395,3.265
3396,5.225
3397,8.58
3398,1.44
3399,2.94
3400,5.91
3401,1.685
3402,1.63
3403,2.94
3405,1.66
3407,1.68
3408,1.345
3411,4.895
3413,1.32
3414,1.715
3415,2.505
3416,4.575
3417,6.36
3418,2.025
3419,3.355
3421,2.255
3422,3.29
3423,1.625
3424,1.43
3425,1.85
3426,10.285
3427,1.34
3428,1.34
3429,3.305
3430,1.93
3431,1.99
3432,1.04
3433,5.6
3434,6.735
3435,4.01
3436,1.97
860,1.325
2003,49.715
2031,31.355
2155,49.18
2185,24.695
2325,56.065
2330,58.3
427,1.38
464,1.125
549,1.23
1914,9.63
1915,2.365
1917,215.805
1918,183.56
1919,10.055
1921,11.67
1922,4.84
1923,40.16
1924,5.54
1925,181.665
1927,9.82
1928,12.57
1929,180.47
1930,3.75
1931,11.94
1933,4.755
1934,4.815
1935,16.68
1936,8.315
1937,8.295
1938,198.72
1942,59.92
1943,214.155
1944,9.005
1946,211.195
1949,1.155
1950,6.1
1952,14.445
1953,182.09
1956,4.55
1957,11.8
1958,1.645
1960,8.625
1961,3.88
1962,207.585
1963,147.29
1964,49.085
1965,7.59
1966,198.645
1967,4.325
1968,13.985
1969,8.635
1970,67.595
1971,216.84
1974,4.8
1975,17.19
1977,5.815
1978,8.55
1979,216.765
1980,7.855
1981,45.685
1982,11.715
1983,205.795
1984,213.765
1985,209.87
1986,187.89
1987,56.095
1988,6.93
1989,154.685
1990,9.82
1992,6.775
1993,206.28
1996,4.785
1997,175.85
1999,5.385
2000,4.27
2005,197.87
2006,13.64
2008,2.45
2011,10.73
2012,5.415
2013,3.93
2014,2.52
2015,7.185
2016,5.07
2017,5.85
2019,16.24
2020,187.665
2021,67.735
2022,7.985
2023,10.145
2025,5.95
2029,32.19
2030,209.96
2033,209.105
2034,4.765
2035,6.3
2036,10.67
2037,203.755
2040,181.545
2041,3.615
2043,191.66
2044,43.055
2045,198.325
2046,165.695
2048,25.165
2049,9.595
2050,10.73
2051,12.08
2055,140.895
2056,159.62
2057,42.165
2058,109.84
2059,219.63
2060,152.005
2061,8.355
2063,178.21
2064,223.18
2066,5.715
2067,37.735
2069,201.27
2070,10.805
2073,218.6
2074,200.59
2075,53.025
2076,2.26
2077,174.28
2078,208.905
2079,3.72
2080,3.45
2082,2.68
2083,194.0
2084,187.555
2085,13.775
2086,188.26
2088,200.015
2089,3.805
2090,215.275
2091,6.16
2092,63.86
2093,195.305
2094,5.715
2095,206.045
2096,16.51
2097,9.26
2098,169.085
2099,16.33
2100,4.165
2103,214.235
2104,207.805
2105,2.28
2106,3.27
2107,11.75
2108,201.04
2109,185.985
2110,37.215
2112,189.11
2113,3.41
2114,6.25
2115,176.86
2118,206.97
2119,2.725
2120,2.56
2121,184.05
2122,183.86
2123,219.58
2124,191.245
2126,14.74
2129,12.61
2130,2.325
2131,201.57
2136,121.975
2139,200.525
2140,205.155
2141,21.84
2142,214.54
2145,23.545
2146,5.89
2147,65.36
2150,215.64
2152,6.6
2154,187.88
2156,6.195
2158,3.61
2159,11.46
2160,3.695
2161,87.75
2162,4.515
2164,132.435
2165,158.59
2166,3.765
2167,4.31
2168,8.715
2170,3.755
2172,206.975
2173,14.52
2175,11.555
2177,18.755
2178,4.28
2179,156.605
2181,7.065
2182,3.785
2184,202.855
2186,9.085
2188,212.54
2190,188.805
2192,3.215
2193,12.6
2195,2.925
2197,4.725
2200,200.98
2201,214.245
2202,17.24
2204,5.485
2205,13.51
2206,202.5
2207,10.69
2208,40.055
2209,21.09
2210,158.03
2211,39.245
2212,185.285
2213,173.95
2214,20.805
2216,175.065
2217,2.575
2218,207.27
2219,3.3
2220,209.565
2221,32.925
2222,41.425
2226,47.625
2227,7.995
2228,11.195
2229,216.6
2230,5.995
2231,7.755
2232,65.77
2233,208.14
2234,35.66
2235,68.255
2236,9.68
2237,177.585
2238,3.52
2240,221.3
2242,38.435
2243,51.14
2244,207.215
2245,2.335
2248,8.575
2249,21.405
2251,3.385
2252,15.92
2253,181.81
2255,4.615
2256,7.1
2257,184.575
2258,106.125
2259,50.415
2260,7.62
2261,172.985
2262,24.16
2263,1.18
2265,15.85
2269,2.47
2270,5.85
2271,208.88
2272,27.05
2274,30.69
2275,208.145
2276,197.705
2277,12.575
2278,200.025
2280,51.805
2281,1.06
2286,9.76
2287,112.94
2288,24.43
2290,216.305
2291,9.745
2296,29.775
2297,8.01
2299,199.785
2300,155.15
2301,4.6
2303,50.035
2304,84.75
2305,14.845
2306,169.62
2307,201.06
2308,193.59
2309,201.5
2310,13.27
2311,96.545
2312,12.58
2313,28.305
2314,8.685
2316,5.02
2317,14.74
2318,17.24
2320,3.745
2321,4.675
2322,13.665
2323,220.265
2324,215.605
2326,203.265
2329,170.495
2331,216.32
2334,174.155
2335,13.545
2339,218.46
2340,209.11
2341,3.28
2342,7.635
2345,46.145
2346,11.9
2348,186.425
2349,2.46
2350,39.615
2352,199.31
2353,126.695
2354,205.845
2356,216.435
2357,10.015
2358,2.885
2359,181.265
2360,3.42
2361,13.16
2362,11.775
2363,211.0
2365,12.055
2366,27.935
2367,44.35
2369,213.755
2370,197.78
2371,8.485
2373,5.335
2374,193.975
2375,4.315
2376,200.195
2379,33.72
2380,4.92
2381,192.145
2382,3.32
2383,50.845
2386,179.325
2387,56.385
2388,4.06
2390,43.155
2391,111.785
2392,165.915
2393,64.64
2395,206.525
2396,68.205
2397,13.9
2400,25.19
2401,10.145
2402,5.135
2403,7.045
2404,200.865
2405,3.23
2406,18.575
2407,137.93
2408,201.505
2409,198.955
2410,207.14
2411,11.165
2412,6.18
2414,210.22
2415,39.885
2416,18.715
2418,158.875
2421,1.085
2422,6.165
2423,197.98
2424,7.605
2425,24.485
2426,7.665
2427,36.97
2428,198.835
2429,129.47
2430,192.585
2431,1.1
2432,22.915
2433,192.715
2434,72.43
2435,6.595
2437,2.27
2438,48.925
2439,5.64
2440,6.18
2441,4.575
2442,5.025
2443,25.42
2444,2.185
2446,195.705
2448,6.185
2449,79.26
2450,7.44
2452,2.53
2453,10.765
2454,26.025
2455,9.475
2456,7.015
2457,4.35
2460,198.27
2462,152.9
2464,207.85
2466,3.83
2467,184.455
2469,182.32
2470,4.335
2473,45.09
2474,10.515
2476,64.9
2477,159.325
2478,126.32
2479,39.91
2480,8.845
2481,4.53
2482,189.185
2483,5.775
2484,165.275
2485,198.18
2486,6.325
2487,5.95
2488,4.005
2489,149.385
2490,6.865
2492,214.22
2493,6.575
2495,185.44
2497,8.93
2499,141.78
2500,206.96
2503,8.01
2504,188.02
2505,6.185
2506,161.52
2507,207.44
2513,5.62
2514,7.34
2515,6.2
2517,7.325
2518,59.655
2520,199.435
2521,189.95
2522,23.815
2523,5.99
2524,37.485
2525,19.565
2526,200.995
2527,1.04
2528,3.32
2531,18.885
2532,162.57
2534,9.02
2535,2.01
2536,119.195
2537,89.515
2539,191.045
2540,6.365
2541,3.1
2545,8.63
2546,198.455
2548,3.68
2549,194.27
2550,190.47
2551,193.41
2552,169.18
2553,207.09
2554,156.96
2556,173.985
2557,24.645
2558,4.795
2559,200.99
2560,208.04
2561,187.59
2562,8.355
2563,167.3
2564,211.495
2565,2.2
2566,19.23
2568,13.105
2569,2.985
2570,3.86
2572,26.775
2573,182.735
2574,140.5
2575,187.195
2576,82.79
2577,4.19
2578,179.835
2579,177.905
2580,12.845
2581,13.43
2584,25.53
2585,14.59
2586,216.95
2587,1.365
2590,209.945
2591,160.335
2593,200.385
2595,1.075
2596,3.32
2599,17.17
2600,209.47
2601,205.015
2602,218.885
2603,47.2
2604,203.565
2606,138.195
2607,219.37
2610,34.005
2611,223.54
2612,24.79
2613,67.6
2614,5.205
2615,210.78
2618,7.0
2619,204.9
2620,14.0
2621,3.355
2622,15.17
2623,173.755
2624,210.42
2625,213.525
2626,5.87
2627,12.605
2628,2.835
2630,199.46
2631,163.185
2632,6.745
2633,7.525
2634,3.595
2637,21.81
2638,197.5
2639,14.33
2641,13.71
2644,2.51
2645,10.125
2646,180.435
2648,8.15
2650,7.715
2651,4.7
2652,48.215
2654,186.115
2655,200.735
2656,7.665
2657,14.625
2658,8.765
2659,9.265
351,1.07
364,2.345
393,1.095
399,1.195
441,1.12
476,1.12
501,1.225
564,1.27
3438,1.905
3439,1.185
3441,1.24
3442,1.89
3443,1.505
3444,1.055
3445,1.195
3446,1.47
3447,1.32
3448,2.385
3449,1.895
3450,1.59
3451,1.175
3452,1.455
3453,1.105
3454,1.485
3455,1.665
3457,1.125
3458,1.64
3459,1.34
3460,1.41
3461,1.17
3462,1.715
3463,1.725
3464,1.8
3465,1.465
3466,1.525
3467,1.425
3468,1.495
3469,1.54
3470,1.325
3471,1.585
3472,1.275
3473,1.415
3474,1.38
3475,1.905
3476,1.505
3477,1.095
3478,1.3
3479,1.58
3480,1.7
3481,1.485
3482,1.335
3483,1.445
3484,1.395
3485,1.4
3486,1.64
3487,1.275
3488,2.19
3489,1.215
3490,1.46
3491,1.5
3492,1.33
3493,1.21
3494,1.29
3496,1.37
3497,1.495
3498,1.515
3499,1.62
3500,1.35
3502,1.395
3503,1.29
3504,1.295
3505,1.42
3506,1.83
3507,1.23
3508,1.675
3509,1.51
3510,1.385
3511,1.605
3512,1.44
3513,1.345
3514,2.065
3515,1.265
3516,1.39
3517,1.535
3518,1.925
3519,1.33
3520,1.195
3521,2.035
3522,1.485
3523,1.465
3524,1.465
3526,1.625
3527,2.06
3528,2.04
3529,1.59
3530,1.215
3531,1.265
3532,1.28
3533,1.84
3534,1.59
3535,1.31
3536,1.25
3537,1.23
3538,1.425
3539,1.355
3541,1.275
3542,1.985
3543,1.4
3544,1.125
3545,3.18
3546,1.345
3547,1.41
3548,1.22
3549,1.515
3551,1.31
3552,1.21
3553,1.695
3554,1.665
3555,1.53
3557,1.95
3558,1.79
3559,1.64
3560,1.36
3562,1.3
3563,1.225
3564,1.34
3565,1.09
3566,1.225
3567,1.235
3568,1.66
3569,1.905
3570,1.125
3571,1.36
3572,1.08
3573,1.625
3574,1.685
3575,1.255
3576,2.16
3578,2.03
3579,1.345
3580,1.19
3581,1.18
3582,1.195
3583,1.295
3584,1.945
3585,1.3
3586,2.93
3587,1.335
3588,1.095
3589,1.3
3590,1.53
3591,1.46
3593,1.87
3594,1.26
3595,1.42
3596,3.095
3597,1.265
3598,1.245
3599,1.725
3600,1.385
3601,1.465
3602,1.325
3603,1.34
3604,2.945
3605,2.255
3606,1.11
3607,1.18
3608,1.52
3610,1.465
3611,2.84
3612,1.46
3613,1.225
3614,1.305
3615,1.445
3616,1.28
3617,1.795
3618,1.43
3619,1.03
3620,1.615
3621,1.545
3622,1.345
3623,1.265
3624,1.415
3625,2.065
3626,1.175
3627,1.655
3628,1.365
3629,1.67
3630,1.3
3631,1.155
3632,1.17
3634,1.495
3635,1.68
3636,1.645
3637,1.22
3638,1.31
3639,1.29
3640,2.325
3641,1.2
3642,1.65
3643,1.495
3644,1.36
3645,1.41
3646,1.38
3647,1.26
3648,1.39
3649,1.485
3650,1.34
3652,1.38
3653,1.135
3654,1.395
3655,1.315
3656,1.76
3657,1.29
3658,1.3
3659,1.185
3660,1.06
3661,1.23
3662,1.47
3663,1.295
3664,1.355
3665,1.16
3666,1.305
3667,1.65
3668,1.23
3669,1.37
3670,1.41
3671,1.175
3672,2.13
3673,1.25
3675,1.23
3676,1.325
3678,1.23
3679,1.25
3680,1.765
3681,1.45
3682,1.19
3683,1.35
3685,1.49
3686,1.405
3687,2.055
3688,1.495
3689,1.21
3690,1.655
3691,1.105
3693,2.255
3694,1.185
3695,1.48
3696,1.455
3697,1.67
3698,1.355
3699,1.115
3700,1.245
3701,1.32
3702,1.965
3703,1.385
3704,1.03
3705,1.8
3706,1.44
3707,1.465
3708,1.27
3709,1.115
3710,1.435
3711,1.7
3712,1.16
3713,1.46
3714,1.515
3715,1.335
3716,1.17
3717,1.06
3718,1.685
3719,1.53
3720,1.19
3722,1.835
3723,1.12
3724,1.155
3725,1.655
3726,1.405
3727,1.29
3728,1.515
3729,1.23
3730,1.85
3731,1.86
3732,1.11
3733,1.205
3734,2.57
3735,1.63
3736,1.54
3737,2.26
3738,1.645
3739,1.35
3740,1.58
3742,1.055
3743,1.37
3744,1.42
3745,1.185
3746,1.205
3747,1.315
3748,1.09
3749,1.31
3751,1.24
3752,1.415
3753,1.365
3754,1.19
3755,1.365
3757,1.22
3758,1.86
3759,1.455
3760,1.5
3761,1.605
3762,1.44
3763,1.335
3764,1.485
3765,1.235
3766,1.3
3767,1.325
3768,1.355
3769,1.445
3770,1.18
3771,1.215
3772,1.115
3773,1.46
3774,1.29
3775,1.15
3776,1.32
3777,1.275
3778,1.27
3779,1.51
3780,1.37
3781,1.12
3782,1.845
3783,1.2
3784,1.455
3785,1.575
3786,1.425
3787,1.035
3788,1.71
3789,1.36
3790,2.115
3791,1.485
3792,1.46
3793,2.14
3794,1.62
3795,1.275
3796,1.4
3798,1.17
3799,1.31
3800,2.515
3801,1.045
3802,1.275
3803,1.36
3804,1.93
3805,1.22
3806,1.25
3807,1.2
3808,1.185
3809,1.23
3810,1.965
3811,1.165
3812,1.155
3813,1.1
3814,1.28
3815,1.23
3816,1.14
3817,1.42
3818,1.44
3819,1.37
3820,1.075
3821,1.74
3822,1.635
3823,1.38
3824,2.515
3825,1.52
3826,1.735
3827,1.205
3828,2.22
3829,1.65
3831,1.925
3832,1.39
3833,1.88
3834,1.19
3835,1.42
3836,1.365
3837,1.365
3838,2.635
3839,1.215
3840,1.35
3841,2.07
3842,1.99
3843,1.34
3844,1.4
3845,1.495
3846,1.36
3847,1.27
3848,1.32
3849,1.055
3850,1.55
3852,1.575
3853,1.035
3854,1.24
3855,1.28
3856,1.11
3857,1.35
3858,1.93
3859,1.435
3860,1.985
3861,1.375
3862,1.48
3863,1.3
3864,1.32
3865,1.395
3866,1.615
3867,1.435
3868,1.46
3869,1.715
3870,1.61
3871,1.305
3873,1.945
3874,1.28
3875,1.215
3876,1.275
3878,1.19
3879,1.38
3880,1.13
3881,1.415
3882,1.23
3883,1.345
3884,2.225
3885,1.15
3887,1.145
3888,1.245
3889,1.53
3890,1.13
3891,1.46
3892,1.355
3893,1.235
3894,1.27
3895,1.47
3896,1.51
3897,1.23
3898,1.485
3899,1.31
3900,1.69
3901,1.315
3902,2.075
3903,1.56
3904,1.165
3905,1.3
3906,2.235
3907,1.51
3908,1.31
3909,1.505
3910,1.215
3911,1.415
3912,1.55
3913,1.705
3914,1.14
3915,1.42
3916,1.425
3917,1.385
3918,1.71
3919,1.355
3920,1.275
3921,1.655
3922,1.11
3923,1.155
3924,1.695
3925,1.25
3926,2.07
3927,1.565
3928,1.065
3929,1.53
3930,2.175
3931,1.445
3932,1.23
3933,1.56
3934,1.265
3935,1.08
3936,1.3
3937,1.25
3938,2.94
3939,1.19
3940,1.31
3941,1.16
3942,1.1
3944,1.335
3945,1.825
3946,1.055
3947,1.775
3949,1.145
3950,1.64
3951,1.975
3952,1.19
3953,1.415
3954,1.275
3955,1.195
3956,1.565
3957,1.575
3958,1.205
3959,1.145
3960,1.3
3961,1.19
3963,1.275
3964,1.35
3965,1.145
3966,2.33
3967,1.31
3968,2.385
3969,1.515
3970,1.125
3971,2.055
3972,1.465
3973,1.31
3974,1.145
3975,1.51
3976,1.345
3977,1.18
3978,1.155
3979,1.235
567,6.135
698,2.63
857,1.37
349,2.195
350,5.95
352,2.665
354,1.56
355,3.245
356,1.035
357,2.64
358,2.265
359,1.565
360,4.85
361,2.84
362,2.295
365,1.41
367,4.195
368,3.4
369,1.84
370,4.105
371,1.925
372,2.44
373,7.685
374,4.825
375,1.745
377,1.04
378,13.715
379,1.13
380,1.24
381,1.16
382,1.52
383,1.045
384,1.215
385,4.28
386,1.04
387,3.01
388,3.87
390,1.41
391,6.54
392,2.645
394,3.345
395,5.28
396,1.595
397,2.525
398,8.23
400,6.015
401,1.115
402,6.7
403,1.41
404,7.71
405,3.645
406,1.03
407,1.405
408,8.945
409,4.84
410,1.47
411,1.08
412,9.015
413,1.375
415,1.875
416,1.59
417,7.68
418,3.77
419,5.935
421,1.72
422,3.475
423,6.705
424,1.195
425,1.605
426,2.515
429,2.11
430,14.78
431,4.305
432,4.91
433,2.605
434,4.465
435,2.92
436,8.695
437,1.135
438,3.465
439,2.665
440,1.46
442,2.16
443,1.065
444,4.935
445,1.97
446,2.05
447,1.02
448,1.135
449,1.355
450,2.615
451,2.235
452,4.23
453,3.17
454,1.11
455,3.03
456,7.63
457,1.32
458,2.745
459,1.18
460,5.325
461,4.695
462,2.34
463,2.3
465,6.835
466,1.21
467,1.07
468,1.07
469,1.52
470,1.455
471,5.815
472,1.1
473,2.24
474,2.475
477,1.215
478,2.085
479,5.925
480,1.155
481,2.035
482,5.505
485,1.365
486,1.265
487,4.67
488,4.445
489,1.845
490,1.795
491,1.38
492,6.05
493,7.37
494,5.61
495,5.2
496,5.455
497,10.255
498,1.125
499,1.045
500,8.075
502,1.26
503,4.25
504,3.985
505,1.35
506,7.685
507,8.395
508,2.385
509,2.53
510,2.91
511,3.54
512,3.4
513,7.555
514,8.415
515,8.47
516,1.565
518,1.795
519,1.635
520,5.255
521,2.195
522,1.325
523,2.5
524,10.365
525,8.59
527,5.445
528,1.295
529,1.26
530,1.04
531,1.55
532,1.145
533,2.03
534,1.185
535,2.21
536,2.95
537,5.27
539,1.6
540,2.195
541,1.84
542,5.835
543,5.385
544,10.085
545,8.03
546,2.935
547,1.9
548,2.86
550,1.03
551,2.3
552,1.2
553,8.9
554,1.245
555,2.095
556,5.96
557,3.41
558,1.435
559,9.455
560,4.93
561,7.905
562,3.18
565,1.85
568,2.21
569,2.57
570,2.995
571,1.085
572,1.05
591,6.21
656,2.67
669,6.32
604,4.955
645,2.545
646,1.5
666,3.06
683,2.72
587,1.345
590,1.395
614,3.28
634,2.495
680,2.685
586,2.015
610,1.275
652,1.085
673,1.2
676,6.015
620,1.445
574,1.23
630,1.5
678,1.625
3980,1.79
3981,1.16
3982,1.15
3983,1.05
3984,1.015
3985,1.065
3986,1.095
3987,1.02
3988,1.12
3989,1.1
3990,1.045
3991,1.03
3992,1.045
3993,1.09
3994,1.17
3995,1.095
3996,1.06
3997,1.175
3998,1.18
3999,1.08
4000,1.12
4001,1.03
4002,1.085
4003,1.06
4004,1.185
4005,1.025
4006,1.015
4007,1.045
4008,1.025
4009,1.125
4010,1.02
4011,1.07
4012,1.03
4013,1.125
4014,1.18
4015,1.005
4016,1.045
4017,1.155
4018,1.17
4019,1.105
4020,1.09
4021,1.22
4022,1.01
4023,1.285
4024,1.02
4025,1.09
4026,1.165
4027,1.09
4028,1.025
4029,1.015
4030,1.215
4031,1.145
4032,1.035
4033,1.02
4034,1.07
4035,1.015
4036,1.035
4037,1.08
4038,1.11
594,1.045
593,1.27
609,1.56
573,2.505
575,1.265
576,1.255
577,1.38
578,1.265
579,1.695
581,1.02
582,1.385
583,1.46
584,2.11
585,1.065
588,2.015
589,1.395
592,1.645
595,2.415
597,1.515
598,1.335
599,1.33
600,1.455
602,1.975
603,2.315
605,1.41
607,1.005
608,1.055
611,1.225
612,1.24
613,1.0
615,1.335
616,1.475
617,1.425
618,1.4
619,2.11
621,1.255
622,1.325
623,1.385
624,1.05
625,1.36
626,1.4
627,1.335
628,1.3
631,1.155
632,1.34
633,1.325
635,1.355
636,1.515
638,1.035
639,1.3
640,1.355
642,1.025
643,1.56
644,1.505
647,1.275
648,1.03
650,1.465
653,1.495
654,1.51
655,1.81
657,1.165
658,2.39
659,1.38
660,1.04
661,1.355
662,1.36
663,1.185
664,1.18
665,1.2
667,1.07
668,1.12
670,2.345
671,1.16
672,1.19
674,1.115
675,1.39
677,2.355
679,1.11
681,1.34
682,1.2
684,3.195
685,1.295
686,4.01
687,1.7
688,2.06
689,1.145
690,1.27
691,1.13
692,1.105
693,1.305
694,2.19
695,1.75
696,1.61
697,2.12
699,1.14
700,1.145
701,1.575
702,1.18
703,1.885
704,1.13
705,2.295
706,1.455
707,1.14
708,1.715
709,1.38
710,1.305
711,1.39
712,1.175
713,2.535
714,1.215
715,1.255
716,1.23
717,1.225
718,1.865
719,2.245
720,1.435
721,1.1
722,1.325
723,1.185
724,2.025
725,1.11
726,1.835
727,1.41
728,1.86
729,1.205
730,1.3
731,1.65
732,1.245
733,1.095
734,1.61
735,1.14
736,1.245
737,1.525
738,1.75
739,1.63
740,1.25
741,1.48
742,1.14
743,1.095
744,1.025
745,2.465
746,1.215
747,2.185
748,1.37
749,1.02
750,1.08
751,1.22
752,1.915
753,1.345
754,1.87
755,1.655
756,1.2
757,1.05
758,1.31
759,1.245
760,1.815
761,1.235
762,1.305
763,1.315
764,1.7
765,1.29
766,1.915
767,1.17
768,1.225
769,1.255
770,1.555
771,1.21
772,1.305
773,1.81
774,1.94
775,1.075
776,1.12
777,1.395
778,1.415
779,1.69
780,1.825
781,2.185
782,1.195
783,1.375
784,1.8
785,1.08
786,1.17
787,1.73
788,1.235
789,1.215
790,1.14
791,1.095
792,1.32
793,1.4
794,1.37
795,1.46
796,1.105
797,1.565
798,1.12
799,1.245
800,1.775
801,1.015
802,1.18
803,1.595
804,1.215
805,2.33
806,1.23
807,1.5
808,1.145
809,1.39
810,1.735
811,1.18
812,1.15
813,1.235
814,1.59
815,1.825
816,1.155
817,1.61
818,1.335
819,1.845
820,1.795
821,1.205
822,1.205
823,2.555
824,2.335
825,1.08
826,1.35
827,1.89
828,2.6
829,1.77
830,2.01
831,1.24
832,1.155
833,1.295
834,2.34
835,1.395
836,1.27
837,1.42
838,1.465
839,1.235
840,1.88
841,1.075
842,1.845
843,1.305
844,1.29
845,1.73
846,1.185
847,1.72
848,1.51
849,1.685
850,1.24
851,1.075
852,1.155
853,1.925
854,1.04
855,1.035
856,1.75
890,1.08
858,1.115
859,1.01
861,1.12
863,1.17
864,1.11
865,1.09
866,1.095
867,1.11
868,1.04
869,1.14
870,1.11
871,1.19
872,1.16
873,1.095
874,1.12
875,1.015
876,1.16
877,1.04
878,1.17
879,1.18
880,1.23
881,1.095
882,1.14
883,1.0
884,1.09
885,1.07
886,1.12
887,1.125
888,1.13
889,1.225
891,1.095
892,1.01
893,1.08
894,1.14
895,1.09
